{"timestamps": [1482627770.595489], "initial_reset_timestamp": 1482627770.576134, "episode_lengths": [0], "episode_rewards": [0]}